Cinder,192.168.146.86,192.168.146.86,2025-05-24 16:21:37,Windows 10,Chrome 136.0.0,Success,Bengaluru,Karnataka,India,12.9531904,77.6077312,0,2025-05-24 16:08:28,N/A,captures/Cinder_20250524_162130.pcapng,N/A,N/A,N/A,N/A,N/A,N/A,N/A,N/A,N/A,N/A,N/A,N/A,N/A,N/A,N/A,N/A,N/A,16.70520780299622,2
user784,192.168.146.86,104.208.16.88,2025-05-24 16:26:25,Other ,Python Requests 2.31,Failure,N/A,N/A,N/A,N/A,N/A,1,First Login,N/A,captures/user784_20250524_162619.pcapng,55073,443,TLSv1.2,1.375,0.947,228.12,2654.81,11.64,9,7,0.13026,0.188662,0.428162,16,3650,332.67,93.71,8.321251790010457,2
VcTlymNfvh,192.168.146.86,20.60.225.225,2025-05-24 16:26:44,Other ,Python Requests 2.31,Success,N/A,N/A,N/A,N/A,N/A,0,First Login,N/A,captures/VcTlymNfvh_20250524_162638.pcapng,55285,443,TLSv1.2,1.723,1.457,971.44,102019.56,105.02,138,43,0.012574,0.034629,0.266731,181,175830,1189.88,270.4,47.110756539979754,1
TkNGIE,192.168.146.86,192.168.146.86,2025-05-24 16:27:04,Other ,Python Requests 2.31,Failure,N/A,N/A,N/A,N/A,N/A,1,First Login,N/A,captures/TkNGIE_20250524_162657.pcapng,443,443,TLSv1.2,2.661,2.055,239.54,2160.2,9.02,6,19,0.532265,0.139184,0.606482,24,5749,84.33,279.84,24.517259565169653,2
XKHfVu,192.168.146.86,104.208.16.88,2025-05-24 16:27:23,Other ,Python Requests 2.31,Failure,N/A,N/A,N/A,N/A,N/A,1,First Login,N/A,captures/XKHfVu_20250524_162716.pcapng,443,443,TLSv1.2,2.218,1.694,167.57,2266.95,13.53,18,13,0.103929,0.184802,0.523806,30,5027,92.33,266.85,9.714830201052038,1
it369zpxK,192.168.146.86,192.168.146.86,2025-05-24 16:27:43,Other ,Python Requests 2.31,Success,N/A,N/A,N/A,N/A,N/A,0,First Login,N/A,captures/it369zpxK_20250524_162736.pcapng,443,443,TLSv1.2,3.042,2.587,178.95,3412.35,19.07,15,43,0.184767,0.070956,0.454866,58,10379,271.0,146.84,11.671508726793483,2
piYR4PTiYo,192.168.146.86,192.168.146.86,2025-05-24 16:28:02,Other ,Python Requests 2.31,Failure,N/A,N/A,N/A,N/A,N/A,1,First Login,N/A,captures/piYR4PTiYo_20250524_162755.pcapng,443,443,TLSv1.2,2.415,1.799,191.89,2860.69,14.91,16,21,0.104615,0.135101,0.61548,36,6908,98.0,258.95,9.064856777669284,2
9Q1fg,192.168.146.86,104.208.16.88,2025-05-24 16:28:21,Other ,Python Requests 2.31,Success,N/A,N/A,N/A,N/A,N/A,0,First Login,N/A,captures/9Q1fg_20250524_162815.pcapng,443,443,TLSv1.2,2.642,1.361,157.92,2151.41,13.62,26,11,0.098131,0.26741,1.281479,36,5685,98.19,291.55,25.4024163117299,2
6UtgjYgq,192.168.146.86,104.208.16.88,2025-05-24 16:28:40,Other ,Python Requests 2.31,Failure,N/A,N/A,N/A,N/A,N/A,1,First Login,N/A,captures/6UtgjYgq_20250524_162834.pcapng,N/A,N/A,N/A,N/A,N/A,N/A,N/A,N/A,N/A,N/A,N/A,N/A,N/A,N/A,N/A,N/A,N/A,16.70520780299622,2
9Q1fg,192.168.146.86,192.168.146.86,2025-05-24 16:29:00,Other ,Python Requests 2.31,Success,N/A,N/A,N/A,N/A,N/A,0,2025-05-24 16:28:21,N/A,captures/9Q1fg_20250524_162853.pcapng,55073,443,TLSv1.2,1.153,0.834,243.28,3796.62,15.61,9,9,0.084748,0.13928,0.3197,18,4379,339.22,147.33,5.367241355403458,2
user784,192.168.146.86,104.208.16.88,2025-05-24 16:29:18,Other ,Python Requests 2.31,Failure,N/A,N/A,N/A,N/A,N/A,2,First Login,N/A,captures/user784_20250524_162911.pcapng,55073,443,TLSv1.2,1.515,0.976,291.45,2116.37,7.26,6,6,0.129687,0.482712,0.538807,11,3206,462.83,83.83,17.55962530170298,2
c56NO,192.168.146.86,104.208.16.88,2025-05-24 16:29:39,Other ,Python Requests 2.31,Success,N/A,N/A,N/A,N/A,N/A,0,First Login,N/A,captures/c56NO_20250524_162931.pcapng,55073,443,TLSv1.2,1.115,0.625,251.15,2929.38,11.66,6,7,0.124979,0.139918,0.489675,13,3265,462.83,69.71,8.958052387194392,2
user996,192.168.146.86,104.208.16.88,2025-05-24 16:29:57,Other ,Python Requests 2.31,Failure,N/A,N/A,N/A,N/A,N/A,1,First Login,N/A,captures/user996_20250524_162951.pcapng,55073,443,TLSv1.2,1.049,0.638,289.27,3034.26,10.49,6,5,0.144634,0.15958,0.410275,11,3182,462.83,81.0,9.115117689196417,1
user884,192.168.146.86,192.168.146.86,2025-05-24 16:30:16,Other ,Python Requests 2.31,Failure,N/A,N/A,N/A,N/A,N/A,1,First Login,N/A,captures/user884_20250524_163009.pcapng,443,443,TLSv1.2,2.092,1.241,238.93,1598.92,6.69,8,6,0.253982,0.371042,0.851033,14,3345,360.62,76.67,22.804620867148103,1
E7wih65D,192.168.146.86,192.168.146.86,2025-05-24 16:30:35,Other ,Python Requests 2.31,Failure,N/A,N/A,N/A,N/A,N/A,1,First Login,N/A,captures/E7wih65D_20250524_163028.pcapng,443,443,TLSv1.2,0.971,0.621,189.55,3903.1,20.59,9,11,0.077576,0.08131,0.350668,20,3791,326.56,77.45,7.027042118385545,2
15NsNSD3,192.168.146.86,20.209.184.129,2025-05-24 16:30:55,Other ,Python Requests 2.31,Success,N/A,N/A,N/A,N/A,N/A,0,First Login,N/A,captures/15NsNSD3_20250524_163047.pcapng,55361,443,TLSv1.2,2.408,2.032,960.47,435961.67,453.9,300,793,0.003118,0.00304,0.375821,1093,1049797,55.44,1302.86,79.69765484924397,2
B1Ehs6eez,192.168.146.86,192.168.146.86,2025-05-24 16:31:14,Other ,Python Requests 2.31,Success,N/A,N/A,N/A,N/A,N/A,0,2025-05-24 14:57:09,N/A,captures/B1Ehs6eez_20250524_163107.pcapng,443,443,TLSv1.2,2.904,2.531,201.12,2354.8,11.71,3,32,0.074644,0.09382,0.373181,34,6838,85.33,208.0,10.871212586543862,2
B1Ehs6eez,192.168.146.86,104.208.16.88,2025-05-24 16:31:33,Other ,Python Requests 2.31,Failure,N/A,N/A,N/A,N/A,N/A,1,2025-05-24 16:31:14,N/A,captures/B1Ehs6eez_20250524_163126.pcapng,443,443,TLSv1.2,2.713,1.989,165.27,1827.66,11.06,19,12,0.150709,0.213958,0.723552,30,4958,92.84,274.83,17.80438101754399,2
user116,192.168.146.86,104.208.16.88,2025-05-24 16:31:52,Other ,Python Requests 2.31,Failure,N/A,N/A,N/A,N/A,N/A,1,First Login,N/A,captures/user116_20250524_163145.pcapng,443,443,TLSv1.2,1.485,1.077,175.3,3187.43,18.18,17,11,0.044745,0.148498,0.408388,27,4733,94.12,294.27,3.567480861592884,2
it369zpxK,192.168.146.86,192.168.146.86,2025-05-24 16:32:12,Other ,Python Requests 2.31,Failure,N/A,N/A,N/A,N/A,N/A,1,2025-05-24 16:27:43,N/A,captures/it369zpxK_20250524_163205.pcapng,443,443,TLSv1.2,2.678,2.348,454.23,13906.74,30.62,30,52,0.092357,0.050015,0.33076,82,37247,300.9,542.69,14.723328371811832,1
M7BMd1cK,192.168.146.86,192.168.146.86,2025-05-24 16:32:33,Other ,Python Requests 2.31,Failure,N/A,N/A,N/A,N/A,N/A,1,First Login,N/A,captures/M7BMd1cK_20250524_163224.pcapng,443,443,TLSv1.2,2.097,1.532,341.17,10248.36,30.04,10,53,0.113333,0.040106,0.565045,63,21494,307.4,347.55,6.1636026390947976,1
FBA0N9sj,192.168.146.86,104.208.16.88,2025-05-24 16:32:52,Other ,Python Requests 2.31,Failure,N/A,N/A,N/A,N/A,N/A,1,First Login,N/A,captures/FBA0N9sj_20250524_163245.pcapng,443,443,TLSv1.2,1.391,0.962,181.19,3385.88,18.69,14,13,0.049943,0.115962,0.429636,26,4711,97.57,265.31,2.8749643777759673,2
E7wih65D,192.168.146.86,192.168.146.86,2025-05-24 16:33:11,Other ,Python Requests 2.31,Success,N/A,N/A,N/A,N/A,N/A,0,First Login,N/A,captures/E7wih65D_20250524_163305.pcapng,443,443,TLSv1.2,1.99,1.067,163.43,2463.28,15.07,2,28,0.0,0.073718,0.923619,30,4903,69.5,170.14,10.297517768557043,2
VcTlymNfvh,192.168.146.86,192.168.146.86,2025-05-24 16:33:31,Other ,Python Requests 2.31,Success,N/A,N/A,N/A,N/A,N/A,0,2025-05-24 16:26:44,N/A,captures/VcTlymNfvh_20250524_163324.pcapng,443,443,TLSv1.2,1.363,0.995,174.32,6010.59,34.48,18,29,0.063372,0.047392,0.368478,47,8193,245.17,130.34,2.8185105045759826,2
M7BMd1cK,192.168.146.86,104.208.16.88,2025-05-24 16:33:51,Other ,Python Requests 2.31,Failure,N/A,N/A,N/A,N/A,N/A,2,First Login,N/A,captures/M7BMd1cK_20250524_163344.pcapng,443,443,TLSv1.2,1.76,1.296,366.24,7905.14,21.58,9,29,0.143236,0.036621,0.464857,38,13917,326.56,378.55,4.246119752796055,1
user884,192.168.146.86,104.208.16.88,2025-05-24 16:34:10,Other ,Python Requests 2.31,Failure,N/A,N/A,N/A,N/A,N/A,2,First Login,N/A,captures/user884_20250524_163403.pcapng,55073,443,TLSv1.2,1.319,0.76,261.08,2573.5,9.86,7,6,0.20847,0.200366,0.559196,13,3394,406.14,91.83,13.022333585901777,2
user116,192.168.146.86,104.208.16.88,2025-05-24 16:34:30,Other ,Python Requests 2.31,Failure,N/A,N/A,N/A,N/A,N/A,2,First Login,N/A,captures/user116_20250524_163422.pcapng,443,443,TLSv1.2,2.236,1.097,245.21,1535.59,6.26,3,12,0.747262,0.209298,1.138444,14,3433,82.33,271.75,37.81805762179762,1
15NsNSD3,192.168.146.86,20.60.225.225,2025-05-24 16:34:50,Other ,Python Requests 2.31,Success,N/A,N/A,N/A,N/A,N/A,0,2025-05-24 16:30:55,N/A,captures/15NsNSD3_20250524_163442.pcapng,55417,443,TLSv1.2,2.626,2.214,926.99,312814.15,337.45,267,619,0.006035,0.004248,0.41152,886,821317,55.75,1302.8,74.83082533362263,2
user298,192.168.146.86,104.208.16.88,2025-05-24 16:35:10,Other ,Python Requests 2.31,Failure,N/A,N/A,N/A,N/A,N/A,1,First Login,N/A,captures/user298_20250524_163502.pcapng,55073,443,TLSv1.2,1.789,1.142,291.18,1790.4,6.15,7,4,0.298164,0.273021,0.647134,11,3203,406.86,88.75,21.882266860835564,1
user477,192.168.146.86,104.208.16.88,2025-05-24 16:35:29,Other ,Python Requests 2.31,Failure,N/A,N/A,N/A,N/A,N/A,1,First Login,N/A,captures/user477_20250524_163522.pcapng,55073,443,TLSv1.2,1.342,0.82,249.93,2607.08,10.43,8,6,0.139477,0.163873,0.522588,14,3499,363.62,98.33,8.18823941451354,2
B1Ehs6eez,192.168.146.86,192.168.146.86,2025-05-24 16:35:48,Other ,Python Requests 2.31,Success,N/A,N/A,N/A,N/A,N/A,0,2025-05-24 16:31:14,N/A,captures/B1Ehs6eez_20250524_163542.pcapng,55073,443,TLSv1.2,1.311,0.952,228.89,3317.93,14.5,9,10,0.099941,0.138425,0.35878,19,4349,339.22,129.6,5.286654741632553,2
M7BMd1cK,192.168.146.86,104.208.16.88,2025-05-24 16:36:08,Other ,Python Requests 2.31,Failure,N/A,N/A,N/A,N/A,N/A,3,First Login,N/A,captures/M7BMd1cK_20250524_163601.pcapng,443,443,TLSv1.2,1.174,0.662,265.44,5652.02,21.29,6,19,0.132301,0.054826,0.51259,25,6636,462.83,203.11,4.715582846385004,2
TkNGIE,192.168.146.86,104.208.16.88,2025-05-24 16:36:27,Other ,Python Requests 2.31,Success,N/A,N/A,N/A,N/A,N/A,0,First Login,N/A,captures/TkNGIE_20250524_163621.pcapng,55073,443,TLSv1.2,1.382,0.769,312.6,2261.48,7.23,6,4,0.153776,0.340729,0.613403,10,3126,462.83,87.25,17.556990343860257,1
E7wih65D,192.168.146.86,192.168.146.86,2025-05-24 16:36:47,Other ,Python Requests 2.31,Failure,N/A,N/A,N/A,N/A,N/A,1,2025-05-24 16:33:11,N/A,captures/E7wih65D_20250524_163640.pcapng,443,443,TLSv1.2,2.527,1.867,264.8,6914.9,26.11,2,64,0.375601,0.040115,0.659995,66,17477,67.0,270.98,19.177954696176172,2
XKHfVu,192.168.146.86,104.208.16.88,2025-05-24 16:37:07,Other ,Python Requests 2.31,Failure,N/A,N/A,N/A,N/A,N/A,2,First Login,N/A,captures/XKHfVu_20250524_163659.pcapng,55073,443,TLSv1.2,1.629,1.016,313.1,1922.1,6.14,6,4,0.203174,0.407391,0.613074,10,3131,462.67,88.75,19.41604267643212,1
user477,192.168.146.86,104.208.16.88,2025-05-24 16:37:26,Other ,Python Requests 2.31,Failure,N/A,N/A,N/A,N/A,N/A,2,First Login,N/A,captures/user477_20250524_163719.pcapng,55073,443,TLSv1.2,1.281,0.77,259.08,2628.51,10.15,6,8,0.153909,0.201526,0.511787,13,3368,462.83,89.5,11.664886480930875,2
6UtgjYgq,192.168.146.86,192.168.146.86,2025-05-24 16:37:46,Other ,Python Requests 2.31,Failure,N/A,N/A,N/A,N/A,N/A,2,First Login,N/A,captures/6UtgjYgq_20250524_163739.pcapng,443,443,TLSv1.2,2.714,2.437,168.98,2552.24,15.1,27,15,0.104403,0.146413,0.277139,41,6928,130.52,241.2,12.529223114771348,2
15NsNSD3,192.168.146.86,192.168.146.86,2025-05-24 16:38:06,Other ,Python Requests 2.31,Failure,N/A,N/A,N/A,N/A,N/A,1,2025-05-24 16:34:50,N/A,captures/15NsNSD3_20250524_163759.pcapng,55390,443,TLSv1.2,2.559,2.188,377.23,12384.55,32.83,2,83,0.185928,0.031202,0.370929,84,31687,138.0,380.25,18.568310156469018,1
ZTWKWQQj,192.168.146.86,104.208.16.88,2025-05-24 16:38:26,Other ,Python Requests 2.31,Success,N/A,N/A,N/A,N/A,N/A,0,First Login,N/A,captures/ZTWKWQQj_20250524_163819.pcapng,55073,443,TLSv1.2,1.41,0.846,289.09,2254.56,7.8,6,5,0.200677,0.255939,0.564889,11,3180,462.83,80.6,18.682762350182657,1
user116,192.168.146.86,192.168.146.86,2025-05-24 16:38:46,Other ,Python Requests 2.31,Failure,N/A,N/A,N/A,N/A,N/A,3,First Login,N/A,captures/user116_20250524_163838.pcapng,443,443,TLSv1.2,2.859,2.546,257.45,6393.55,24.83,55,17,0.052944,0.143058,0.312623,71,18279,266.47,291.29,12.767503159671868,1
user896,192.168.146.86,104.208.16.88,2025-05-24 16:39:05,Other ,Python Requests 2.31,Failure,N/A,N/A,N/A,N/A,N/A,1,First Login,N/A,captures/user896_20250524_163858.pcapng,443,443,TLSv1.2,2.56,2.292,178.78,2584.27,14.45,26,12,0.102389,0.218099,0.267334,37,6615,132.12,271.17,16.229476879357613,1
lBFTmUiqWj,192.168.146.86,104.208.16.88,2025-05-24 16:39:24,Other ,Python Requests 2.31,Failure,N/A,N/A,N/A,N/A,N/A,1,First Login,N/A,captures/lBFTmUiqWj_20250524_163917.pcapng,55073,443,TLSv1.2,1.598,1.126,280.92,2109.45,7.51,6,7,0.196804,0.47292,0.471577,12,3371,462.83,97.14,16.910163352994715,2
user232,192.168.146.86,104.208.16.88,2025-05-24 16:39:44,Other ,Python Requests 2.31,Failure,N/A,N/A,N/A,N/A,N/A,1,First Login,N/A,captures/user232_20250524_163936.pcapng,443,443,TLSv1.2,2.596,2.275,269.27,7363.89,27.35,58,14,0.045547,0.168096,0.321063,71,19118,271.86,246.71,15.921145523410686,1
user902,192.168.146.86,104.208.16.88,2025-05-24 16:40:03,Other ,Python Requests 2.31,Failure,N/A,N/A,N/A,N/A,N/A,1,First Login,N/A,captures/user902_20250524_163956.pcapng,443,443,TLSv1.2,1.845,1.387,170.5,2588.13,15.18,17,12,0.037831,0.167703,0.457734,28,4774,93.41,274.17,5.432252222549181,2
k7CuaX,192.168.146.86,192.168.146.86,2025-05-24 16:40:25,Other ,Python Requests 2.31,Success,N/A,N/A,N/A,N/A,N/A,0,First Login,N/A,captures/k7CuaX_20250524_164016.pcapng,443,443,TLSv1.2,2.868,2.377,171.87,2277.28,13.25,15,24,0.147356,0.124691,0.4908,38,6531,99.87,212.79,12.882124152325495,1
M7BMd1cK,192.168.146.86,192.168.146.86,2025-05-24 16:40:44,Other ,Python Requests 2.31,Failure,N/A,N/A,N/A,N/A,N/A,4,First Login,N/A,captures/M7BMd1cK_20250524_164037.pcapng,443,443,TLSv1.2,2.829,2.447,205.45,5518.54,26.86,42,35,0.063008,0.083495,0.38202,76,15614,122.71,300.97,10.631781826972599,2
E7wih65D,192.168.146.86,192.168.146.86,2025-05-24 16:41:05,Other ,Python Requests 2.31,Failure,N/A,N/A,N/A,N/A,N/A,2,2025-05-24 16:33:11,N/A,captures/E7wih65D_20250524_164057.pcapng,443,443,TLSv1.2,2.776,2.076,796.08,45302.73,56.91,144,15,0.019416,0.11559,0.700536,158,125780,846.27,273.27,35.185221539246655,1
XKHfVu,192.168.146.86,192.168.146.86,2025-05-24 16:41:26,Other ,Python Requests 2.31,Failure,N/A,N/A,N/A,N/A,N/A,3,First Login,N/A,captures/XKHfVu_20250524_164118.pcapng,443,443,TLSv1.2,2.453,2.077,171.33,3143.16,18.35,27,19,0.094344,0.12999,0.376388,45,7710,126.7,229.63,8.848766054810469,2
FBA0N9sj,192.168.146.86,104.208.16.88,2025-05-24 16:41:46,Other ,Python Requests 2.31,Success,N/A,N/A,N/A,N/A,N/A,0,First Login,N/A,captures/FBA0N9sj_20250524_164139.pcapng,55073,443,TLSv1.2,1.021,0.564,257.54,3280.35,12.74,7,6,0.170104,0.184527,0.456718,13,3348,409.29,80.5,11.609181417756787,2
user996,192.168.146.86,192.168.146.86,2025-05-24 16:42:06,Other ,Python Requests 2.31,Failure,N/A,N/A,N/A,N/A,N/A,2,First Login,N/A,captures/user996_20250524_164158.pcapng,443,443,TLSv1.2,1.609,0.999,284.16,8832.35,31.08,9,41,0.124924,0.040184,0.609243,50,14208,332.11,273.63,3.8821626774205598,2
user896,192.168.146.86,192.168.146.86,2025-05-24 16:42:26,Other ,Python Requests 2.31,Failure,N/A,N/A,N/A,N/A,N/A,2,First Login,N/A,captures/user896_20250524_164218.pcapng,55073,443,TLSv1.2,1.322,0.917,240.17,3270.44,13.62,9,9,0.114626,0.155737,0.404833,18,4323,339.11,141.22,4.87925944884207,2
UalRGf3zE,192.168.146.86,104.208.16.88,2025-05-24 16:43:19,Other ,Python Requests 2.31,Failure,N/A,N/A,N/A,N/A,N/A,1,First Login,N/A,captures/UalRGf3zE_20250524_164312.pcapng,55073,443,TLSv1.2,1.887,1.35,212.76,1916.89,9.01,7,10,0.229276,0.170571,0.537034,17,3617,404.57,78.5,11.343784766188755,2
AgDD7,192.168.146.86,192.168.146.86,2025-05-24 16:43:40,Other ,Python Requests 2.31,Success,N/A,N/A,N/A,N/A,N/A,0,First Login,N/A,captures/AgDD7_20250524_164332.pcapng,443,443,TLSv1.2,2.459,1.198,228.8,1395.86,6.1,2,13,0.0,0.204886,1.260633,15,3432,69.5,253.31,22.41145496697949,2
p4h2O6qPTt,192.168.146.86,104.208.16.88,2025-05-24 16:44:00,Other ,Python Requests 2.31,Failure,N/A,N/A,N/A,N/A,N/A,1,First Login,N/A,captures/p4h2O6qPTt_20250524_164353.pcapng,55073,443,TLSv1.2,1.597,0.984,289.64,1994.48,6.89,6,5,0.196747,0.256005,0.613676,11,3186,462.83,81.8,19.286545498947106,2
user444,192.168.146.86,192.168.146.86,2025-05-24 16:44:20,Other ,Python Requests 2.31,Failure,N/A,N/A,N/A,N/A,N/A,1,First Login,N/A,captures/user444_20250524_164412.pcapng,443,443,TLSv1.2,2.451,2.064,496.51,15803.64,31.83,10,68,0.207655,0.035353,0.386304,78,38728,305.3,524.63,18.125411445963344,2
s4d4VGetR,192.168.146.86,104.208.16.88,2025-05-24 16:44:41,Other ,Python Requests 2.31,Success,N/A,N/A,N/A,N/A,N/A,0,First Login,N/A,captures/s4d4VGetR_20250524_164433.pcapng,443,443,TLSv1.2,2.966,2.621,177.37,2272.61,12.81,27,12,0.114067,0.200638,0.345135,38,6740,130.56,283.08,16.139792719796908,1
piYR4PTiYo,192.168.146.86,104.208.16.88,2025-05-24 16:45:02,Other ,Python Requests 2.31,Failure,N/A,N/A,N/A,N/A,N/A,2,First Login,N/A,captures/piYR4PTiYo_20250524_164455.pcapng,N/A,N/A,N/A,N/A,N/A,N/A,N/A,N/A,N/A,N/A,N/A,N/A,N/A,N/A,N/A,N/A,N/A,16.70520780299622,2
XKHfVu,192.168.146.86,192.168.146.86,2025-05-24 16:45:23,Other ,Python Requests 2.31,Success,N/A,N/A,N/A,N/A,N/A,0,First Login,N/A,captures/XKHfVu_20250524_164516.pcapng,443,443,TLSv1.2,2.766,2.049,434.2,16951.17,39.04,91,18,0.01942,0.16273,0.717459,108,46894,472.65,219.83,24.078981907096427,1
VcTlymNfvh,192.168.146.86,104.208.16.88,2025-05-24 16:45:44,Other ,Python Requests 2.31,Failure,N/A,N/A,N/A,N/A,N/A,1,2025-05-24 16:33:31,N/A,captures/VcTlymNfvh_20250524_164537.pcapng,443,443,TLSv1.2,2.83,2.27,158.42,1847.44,11.66,18,16,0.05876,0.188666,0.559387,33,5228,93.06,228.56,15.404474651259903,1
s4d4VGetR,192.168.146.86,192.168.146.86,2025-05-24 16:46:04,Other ,Python Requests 2.31,Success,N/A,N/A,N/A,N/A,N/A,0,2025-05-24 16:44:41,N/A,captures/s4d4VGetR_20250524_164557.pcapng,443,443,TLSv1.2,1.769,1.199,1387.04,41566.23,29.97,9,45,0.178732,0.056587,0.570004,53,73513,334.89,1568.29,46.90827015748779,1
user444,192.168.146.86,104.208.16.88,2025-05-24 16:46:53,Other ,Python Requests 2.31,Failure,N/A,N/A,N/A,N/A,N/A,1,First Login,N/A,captures/user444_20250524_164646.pcapng,443,443,TLSv1.2,1.913,1.333,168.72,2558.13,15.16,17,13,0.051268,0.227612,0.579691,29,4893,95.18,258.54,14.271010211624699,1
user279,192.168.146.86,104.208.16.88,2025-05-24 16:47:12,Other ,Python Requests 2.31,Failure,N/A,N/A,N/A,N/A,N/A,1,First Login,N/A,captures/user279_20250524_164706.pcapng,N/A,N/A,N/A,N/A,N/A,N/A,N/A,N/A,N/A,N/A,N/A,N/A,N/A,N/A,N/A,N/A,N/A,16.70520780299622,2
c56NO,192.168.146.86,192.168.146.86,2025-05-24 16:47:34,Other ,Python Requests 2.31,Failure,N/A,N/A,N/A,N/A,N/A,1,2025-05-24 16:29:39,N/A,captures/c56NO_20250524_164725.pcapng,443,443,TLSv1.2,1.89,1.331,156.05,3302.9,21.17,11,29,0.133143,0.0672,0.558426,40,6242,290.64,105.0,5.859811038090022,2
CZEmNne9EZ,192.168.146.86,192.168.146.86,2025-05-24 16:47:55,Other ,Python Requests 2.31,Failure,N/A,N/A,N/A,N/A,N/A,1,2025-05-24 14:56:13,N/A,captures/CZEmNne9EZ_20250524_164747.pcapng,443,443,TLSv1.2,2.069,1.607,381.98,7755.48,20.3,21,22,0.084659,0.102363,0.461926,42,16043,413.19,338.18,4.223803215069871,1
15NsNSD3,192.168.146.86,192.168.146.86,2025-05-24 16:48:14,Other ,Python Requests 2.31,Failure,N/A,N/A,N/A,N/A,N/A,1,2025-05-24 16:34:50,N/A,captures/15NsNSD3_20250524_164807.pcapng,57275,443,TLSv1.2,2.145,1.515,780.26,98196.87,125.85,10,261,0.168336,0.009848,0.630358,270,210670,307.7,795.66,43.68438804139009,1
XWs8n,192.168.146.86,192.168.146.86,2025-05-24 16:48:35,Other ,Python Requests 2.31,Failure,N/A,N/A,N/A,N/A,N/A,1,First Login,N/A,captures/XWs8n_20250524_164827.pcapng,443,443,TLSv1.2,1.509,1.102,193.42,3076.45,15.91,12,13,0.137171,0.213563,0.406994,24,4642,268.0,115.38,11.11795017920489,2
lBFTmUiqWj,192.168.146.86,104.208.16.88,2025-05-24 16:48:56,Other ,Python Requests 2.31,Failure,N/A,N/A,N/A,N/A,N/A,1,First Login,N/A,captures/lBFTmUiqWj_20250524_164848.pcapng,55073,443,TLSv1.2,1.326,0.861,312.9,2359.45,7.54,6,5,0.183591,0.665368,0.465089,10,3129,462.83,85.2,17.50789785138599,1
user302,104.208.16.88,192.168.146.86,2025-05-24 16:49:16,Other ,Python Requests 2.31,Failure,N/A,N/A,N/A,N/A,N/A,1,First Login,N/A,captures/user302_20250524_164908.pcapng,443,55073,TLSv1.2,1.285,0.773,257.15,2602.19,10.12,6,8,0.175262,0.248406,0.511529,13,3343,465.0,78.38,16.843500236299008,2
user979,192.168.146.86,192.168.146.86,2025-05-24 16:49:36,Other ,Python Requests 2.31,Failure,N/A,N/A,N/A,N/A,N/A,1,First Login,N/A,captures/user979_20250524_164928.pcapng,443,443,TLSv1.2,2.2,1.637,227.79,1966.95,8.63,10,9,0.199068,0.204673,0.562975,19,4328,311.1,135.22,12.657284938524874,1
user302,192.168.146.86,104.208.16.88,2025-05-24 16:49:56,Other ,Python Requests 2.31,Failure,N/A,N/A,N/A,N/A,N/A,2,First Login,N/A,captures/user302_20250524_164949.pcapng,55073,443,TLSv1.2,2.429,1.532,268.23,1435.64,5.35,1,12,0,0.139271,0.896891,13,3487,179.0,275.67,13.581681292574793,1
user979,192.168.146.86,104.208.16.88,2025-05-24 16:50:16,Other ,Python Requests 2.31,Failure,N/A,N/A,N/A,N/A,N/A,2,First Login,N/A,captures/user979_20250524_165009.pcapng,55073,443,TLSv1.2,2.151,1.551,273.5,1525.71,5.58,1,12,0,0.209432,0.60049,12,3282,86.0,272.58,15.42605295992849,1
user302,192.168.146.86,192.168.146.86,2025-05-24 16:50:36,Other ,Python Requests 2.31,Failure,N/A,N/A,N/A,N/A,N/A,3,First Login,N/A,captures/user302_20250524_165029.pcapng,443,443,TLSv1.2,2.662,1.436,238.44,1612.51,6.76,1,17,0,0.089772,1.225344,18,4292,66.0,248.59,14.674451023385778,2
XWs8n,192.168.146.86,104.208.16.88,2025-05-24 16:50:58,Other ,Python Requests 2.31,Success,N/A,N/A,N/A,N/A,N/A,0,First Login,N/A,captures/XWs8n_20250524_165050.pcapng,55073,443,TLSv1.2,1.562,0.757,308.0,2168.37,7.04,7,4,0.260411,0.136689,0.805268,11,3388,409.43,130.5,11.022434774485959,2
user320,192.168.146.86,192.168.146.86,2025-05-24 16:51:18,Other ,Python Requests 2.31,Failure,N/A,N/A,N/A,N/A,N/A,1,First Login,N/A,captures/user320_20250524_165110.pcapng,443,443,TLSv1.2,2.664,1.747,259.31,3504.09,13.51,3,33,0.0,0.083197,0.917477,36,9335,275.33,257.85,9.84603182433802,1
lBFTmUiqWj,192.168.146.86,192.168.146.86,2025-05-24 16:51:39,Other ,Python Requests 2.31,Failure,N/A,N/A,N/A,N/A,N/A,2,First Login,N/A,captures/lBFTmUiqWj_20250524_165130.pcapng,443,443,TLSv1.2,2.254,1.883,352.13,13277.66,37.71,23,62,0.082206,0.036842,0.371733,85,29931,225.78,399.0,8.518085254649478,1
UalRGf3zE,104.208.16.88,192.168.146.86,2025-05-24 16:52:01,Other ,Python Requests 2.31,Failure,N/A,N/A,N/A,N/A,N/A,1,First Login,N/A,captures/UalRGf3zE_20250524_165152.pcapng,55695,443,TLSv1.2,1.998,0.759,488.6,4890.11,10.01,4,16,0.204635,0.133161,1.239424,20,9772,79.0,591.0,19.409683196268368,2
user268,192.168.146.86,192.168.146.86,2025-05-24 16:52:22,Other ,Python Requests 2.31,Failure,N/A,N/A,N/A,N/A,N/A,1,First Login,N/A,captures/user268_20250524_165213.pcapng,443,443,TLSv1.2,2.411,1.798,270.84,4942.62,18.25,18,26,0.14083,0.095988,0.61281,44,11917,249.89,285.35,6.748090610011289,2
user444,192.168.146.86,20.60.237.161,2025-05-24 16:52:41,Other ,Python Requests 2.31,Failure,N/A,N/A,N/A,N/A,N/A,2,First Login,N/A,captures/user444_20250524_165234.pcapng,55719,443,TLSv1.2,2.574,2.169,1079.62,191237.03,177.13,2,454,0.0,0.005633,0.405725,456,492308,442.0,1082.43,64.56138887567438,2
XWs8n,192.168.146.86,104.208.16.88,2025-05-24 16:53:03,Other ,Python Requests 2.31,Success,N/A,N/A,N/A,N/A,N/A,0,2025-05-24 16:50:58,N/A,captures/XWs8n_20250524_165255.pcapng,N/A,N/A,N/A,N/A,N/A,N/A,N/A,N/A,N/A,N/A,N/A,N/A,N/A,N/A,N/A,N/A,N/A,16.70520780299622,2
FBA0N9sj,192.168.146.86,192.168.146.86,2025-05-24 16:53:24,Other ,Python Requests 2.31,Failure,N/A,N/A,N/A,N/A,N/A,1,2025-05-24 16:41:46,N/A,captures/FBA0N9sj_20250524_165316.pcapng,443,443,TLSv1.2,2.866,2.277,176.63,2649.57,15.0,2,41,0.0,0.07166,0.589011,43,7595,69.5,181.85,11.863906772474003,2
s4d4VGetR,192.168.146.86,20.209.184.129,2025-05-24 16:53:44,Other ,Python Requests 2.31,Failure,N/A,N/A,N/A,N/A,N/A,1,2025-05-24 16:46:04,N/A,captures/s4d4VGetR_20250524_165337.pcapng,55732,443,TLSv1.2,2.549,1.937,775.19,118319.3,152.63,52,338,0.026591,0.007563,0.612041,389,301550,451.98,822.93,48.738895093618325,1
p4h2O6qPTt,192.168.146.86,104.208.16.88,2025-05-24 16:54:06,Other ,Python Requests 2.31,Failure,N/A,N/A,N/A,N/A,N/A,1,First Login,N/A,captures/p4h2O6qPTt_20250524_165358.pcapng,443,443,TLSv1.2,1.311,0.763,215.35,2792.74,12.97,8,9,0.09339,0.128417,0.547539,17,3661,360.62,86.22,6.414216389063405,2
it369zpxK,192.168.146.86,192.168.146.86,2025-05-24 16:54:28,Other ,Python Requests 2.31,Success,N/A,N/A,N/A,N/A,N/A,0,2025-05-24 16:27:43,N/A,captures/it369zpxK_20250524_165420.pcapng,443,443,TLSv1.2,2.66,1.804,425.16,12147.4,28.57,47,30,0.057826,0.078751,0.855873,76,32312,475.79,344.27,14.153091065842517,1
p4h2O6qPTt,192.168.146.86,192.168.146.86,2025-05-24 16:54:49,Other ,Python Requests 2.31,Failure,N/A,N/A,N/A,N/A,N/A,2,First Login,N/A,captures/p4h2O6qPTt_20250524_165441.pcapng,55073,443,TLSv1.2,1.334,0.917,230.11,3277.11,14.24,10,9,0.095137,0.158264,0.417407,19,4372,313.6,137.33,4.712414215844468,2
YYlr2il,192.168.146.86,104.208.16.88,2025-05-24 16:55:10,Other ,Python Requests 2.31,Failure,N/A,N/A,N/A,N/A,N/A,1,First Login,N/A,captures/YYlr2il_20250524_165502.pcapng,443,443,TLSv1.2,1.531,0.918,244.79,2238.0,9.14,6,8,0.183542,0.179063,0.613568,14,3427,462.83,81.25,10.522501417255754,2
user279,192.168.146.86,192.168.146.86,2025-05-24 16:55:30,Other ,Python Requests 2.31,Failure,N/A,N/A,N/A,N/A,N/A,2,First Login,N/A,captures/user279_20250524_165523.pcapng,443,443,TLSv1.2,2.662,2.236,213.9,1687.18,7.89,1,20,0,0.137663,0.426567,21,4492,608.0,194.2,16.986043821352418,2
15NsNSD3,192.168.146.86,192.168.146.86,2025-05-24 16:55:51,Other ,Python Requests 2.31,Failure,N/A,N/A,N/A,N/A,N/A,2,2025-05-24 16:34:50,N/A,captures/15NsNSD3_20250524_165543.pcapng,443,443,TLSv1.2,2.369,1.559,366.81,8204.71,22.37,1,52,0,0.030562,0.810856,53,19441,54.0,372.83,14.226253163133386,1
user597,192.168.146.86,192.168.146.86,2025-05-24 16:56:12,Other ,Python Requests 2.31,Failure,N/A,N/A,N/A,N/A,N/A,1,First Login,N/A,captures/user597_20250524_165603.pcapng,55073,443,TLSv1.2,2.46,1.843,232.39,1700.23,7.32,3,15,0.921532,0.137232,0.617191,18,4183,217.0,235.47,31.21584311853811,1
B1Ehs6eez,192.168.146.86,104.208.16.88,2025-05-24 16:56:33,Other ,Python Requests 2.31,Failure,N/A,N/A,N/A,N/A,N/A,1,2025-05-24 16:35:48,N/A,captures/B1Ehs6eez_20250524_165625.pcapng,443,443,TLSv1.2,1.581,1.022,173.52,3181.85,18.34,8,21,0.124066,0.051105,0.559181,29,5032,365.12,100.52,5.942225123124935,2
user268,192.168.146.86,192.168.146.86,2025-05-24 16:56:52,Other ,Python Requests 2.31,Failure,N/A,N/A,N/A,N/A,N/A,2,First Login,N/A,captures/user268_20250524_165645.pcapng,443,443,TLSv1.2,2.458,1.416,165.08,2485.35,15.06,21,17,0.12288,0.12968,1.04142,37,6108,93.52,248.18,13.055818873703835,1
i3qxwHa,192.168.146.86,20.44.10.122,2025-05-24 16:57:12,Other ,Python Requests 2.31,Failure,N/A,N/A,N/A,N/A,N/A,1,First Login,N/A,captures/i3qxwHa_20250524_165705.pcapng,443,443,TLSv1.2,2.059,1.664,432.02,13634.88,31.56,30,35,0.06045,0.059763,0.39541,65,28081,659.17,237.31,8.493359760877887,1
XKHfVu,192.168.146.86,192.168.146.86,2025-05-24 16:57:32,Other ,Python Requests 2.31,Success,N/A,N/A,N/A,N/A,N/A,0,2025-05-24 16:45:23,N/A,captures/XKHfVu_20250524_165725.pcapng,443,443,TLSv1.2,2.288,1.926,431.0,27312.55,63.37,2,143,0.0,0.013956,0.361799,145,62495,54.0,436.27,23.028542454257902,2
6UtgjYgq,192.168.146.86,192.168.146.86,2025-05-24 16:57:52,Other ,Python Requests 2.31,Failure,N/A,N/A,N/A,N/A,N/A,1,First Login,N/A,captures/6UtgjYgq_20250524_165745.pcapng,443,443,TLSv1.2,2.655,2.044,156.69,2832.71,18.08,12,36,0.216771,0.075852,0.610652,48,7521,294.25,110.83,10.38940274313515,2
RV2SzU7AQ,104.208.16.88,192.168.146.86,2025-05-24 16:58:13,Other ,Python Requests 2.31,Failure,N/A,N/A,N/A,N/A,N/A,1,First Login,N/A,captures/RV2SzU7AQ_20250524_165805.pcapng,443,443,TLSv1.2,2.45,2.081,298.6,5851.15,19.59,3,45,1.020018,0.051196,0.368999,48,14333,217.0,304.04,29.196431654640143,1
FBA0N9sj,192.168.146.86,104.208.16.88,2025-05-24 16:58:32,Other ,Python Requests 2.31,Failure,N/A,N/A,N/A,N/A,N/A,2,2025-05-24 16:41:46,N/A,captures/FBA0N9sj_20250524_165825.pcapng,443,443,TLSv1.2,2.254,1.192,165.63,2204.27,13.31,19,12,0.10285,0.21062,1.062555,30,4969,94.21,271.17,17.798297127225325,1
user979,192.168.146.86,104.208.16.88,2025-05-24 16:58:52,Other ,Python Requests 2.31,Failure,N/A,N/A,N/A,N/A,N/A,3,First Login,N/A,captures/user979_20250524_165844.pcapng,443,443,TLSv1.2,1.849,1.512,365.77,11075.5,30.28,6,50,0.124162,0.031333,0.337666,56,20483,462.67,354.14,4.915051278269701,2
user597,192.168.146.86,192.168.146.86,2025-05-24 16:59:11,Other ,Python Requests 2.31,Failure,N/A,N/A,N/A,N/A,N/A,2,First Login,N/A,captures/user597_20250524_165905.pcapng,443,443,TLSv1.2,1.443,1.089,168.33,4198.94,24.94,9,27,0.091151,0.054433,0.354354,36,6060,339.22,111.37,3.9188656114541516,2
s4d4VGetR,192.168.146.86,104.208.16.88,2025-05-24 16:59:32,Other ,Python Requests 2.31,Failure,N/A,N/A,N/A,N/A,N/A,2,2025-05-24 16:46:04,N/A,captures/s4d4VGetR_20250524_165924.pcapng,443,443,TLSv1.2,1.447,1.093,185.68,3208.11,17.28,6,19,0.146182,0.062512,0.354421,25,4642,462.83,98.16,6.357685492977872,2
user847,192.168.146.86,192.168.146.86,2025-05-24 16:59:51,Other ,Python Requests 2.31,Failure,N/A,N/A,N/A,N/A,N/A,1,First Login,N/A,captures/user847_20250524_165944.pcapng,443,443,TLSv1.2,3.083,2.486,522.8,21535.02,41.19,55,72,0.043654,0.041078,0.596971,127,66396,415.53,604.75,23.14647802518263,2
c56NO,192.168.146.86,192.168.146.86,2025-05-24 17:00:12,Other ,Python Requests 2.31,Failure,N/A,N/A,N/A,N/A,N/A,2,2025-05-24 16:29:39,N/A,captures/c56NO_20250524_170004.pcapng,443,443,TLSv1.2,2.454,1.635,301.61,4056.35,13.45,3,30,0.9215,0.054895,0.818443,33,9953,217.0,310.07,30.052351651403363,1
M7BMd1cK,192.168.146.86,192.168.146.86,2025-05-24 17:22:13,Other ,Python Requests 2.31,Failure,N/A,N/A,N/A,N/A,N/A,1,First Login,N/A,captures/M7BMd1cK_20250524_172206.pcapng,443,443,TLSv1.2,2.662,2.052,166.26,1935.95,11.64,2,29,0.0,0.087922,0.610478,31,5154,54.0,174.0,12.503988117840315,2
user134,192.168.146.86,13.89.179.9,2025-05-24 17:22:33,Other ,Python Requests 2.31,Failure,N/A,N/A,N/A,N/A,N/A,1,First Login,N/A,captures/user134_20250524_172225.pcapng,443,443,TLSv1.2,1.594,1.201,150.22,3393.78,22.59,7,29,0.145655,0.042888,0.392457,36,5408,404.57,88.83,7.3430385781823375,2
RV2SzU7AQ,192.168.146.86,192.168.146.86,2025-05-24 17:22:52,Other ,Python Requests 2.31,Success,N/A,N/A,N/A,N/A,N/A,0,First Login,N/A,captures/RV2SzU7AQ_20250524_172245.pcapng,443,443,TLSv1.2,2.356,1.744,199.92,6364.37,31.83,1,74,0,0.023891,0.611908,75,14994,54.0,201.89,15.275259129129992,2
user210,192.168.146.86,192.168.146.86,2025-05-24 17:23:11,Other ,Python Requests 2.31,Failure,N/A,N/A,N/A,N/A,N/A,1,First Login,N/A,captures/user210_20250524_172304.pcapng,443,443,TLSv1.2,1.854,1.08,268.17,1736.16,6.47,6,6,0.216027,0.359586,0.773378,12,3218,457.17,79.17,20.699602577497636,2
YYlr2il,192.168.146.86,13.89.179.9,2025-05-24 17:23:29,Other ,Python Requests 2.31,Success,N/A,N/A,N/A,N/A,N/A,0,First Login,N/A,captures/YYlr2il_20250524_172323.pcapng,56132,443,TLSv1.2,1.191,0.627,268.0,2700.05,10.07,6,6,0.238218,0.163823,0.564549,12,3216,462.83,73.17,12.289580708424076,1
B1Ehs6eez,192.168.146.86,192.168.146.86,2025-05-24 17:23:49,Other ,Python Requests 2.31,Failure,N/A,N/A,N/A,N/A,N/A,1,2025-05-24 16:35:48,N/A,captures/B1Ehs6eez_20250524_172342.pcapng,443,443,TLSv1.2,2.405,1.759,206.06,1542.41,7.49,7,11,0.224845,0.18413,0.645933,18,3709,404.57,79.73,15.107942405654562,2
lBFTmUiqWj,192.168.146.86,13.89.179.9,2025-05-24 17:24:08,Other ,Python Requests 2.31,Failure,N/A,N/A,N/A,N/A,N/A,1,First Login,N/A,captures/lBFTmUiqWj_20250524_172401.pcapng,56132,443,TLSv1.2,1.586,1.025,289.64,2009.43,6.94,6,5,0.235694,0.256001,0.56097,11,3186,462.83,81.8,19.588118075212748,1
user210,192.168.146.86,13.89.179.9,2025-05-24 17:24:27,Other ,Python Requests 2.31,Failure,N/A,N/A,N/A,N/A,N/A,2,First Login,N/A,captures/user210_20250524_172420.pcapng,443,443,TLSv1.2,2.661,1.545,414.75,4987.17,12.02,21,12,0.133061,0.222991,1.11636,32,13272,480.29,297.42,24.580849236521402,1
p4h2O6qPTt,192.168.146.86,13.89.179.9,2025-05-24 17:24:45,Other ,Python Requests 2.31,Success,N/A,N/A,N/A,N/A,N/A,0,First Login,N/A,captures/p4h2O6qPTt_20250524_172439.pcapng,56132,443,TLSv1.2,1.751,1.191,244.36,1953.87,8.0,5,10,0.167789,0.206901,0.560133,14,3421,537.6,85.8,15.120646049776532,2
TkNGIE,192.168.146.86,192.168.146.86,2025-05-24 17:25:05,Other ,Python Requests 2.31,Success,N/A,N/A,N/A,N/A,N/A,0,2025-05-24 16:36:27,N/A,captures/TkNGIE_20250524_172458.pcapng,443,443,TLSv1.2,2.663,2.175,353.79,6243.97,17.65,29,19,0.071216,0.147947,0.487601,47,16628,422.79,295.32,9.001103830446255,1
k7CuaX,192.168.146.86,13.89.179.9,2025-05-24 17:25:23,Other ,Python Requests 2.31,Failure,N/A,N/A,N/A,N/A,N/A,1,2025-05-24 16:40:25,N/A,captures/k7CuaX_20250524_172517.pcapng,443,443,TLSv1.2,2.831,2.503,150.25,3237.54,21.55,49,13,0.058976,0.202963,0.32751,61,9165,120.92,254.92,20.165684005452547,2
user938,192.168.146.86,13.89.179.9,2025-05-24 17:25:43,Other ,Python Requests 2.31,Failure,N/A,N/A,N/A,N/A,N/A,1,First Login,N/A,captures/user938_20250524_172536.pcapng,443,443,TLSv1.2,1.652,1.289,163.83,2975.8,18.16,18,13,0.037907,0.137646,0.362814,30,4915,92.33,258.23,4.049218426320444,2
s4d4VGetR,192.168.146.86,13.89.179.9,2025-05-24 17:26:04,Other ,Python Requests 2.31,Failure,N/A,N/A,N/A,N/A,N/A,1,2025-05-24 16:46:04,N/A,captures/s4d4VGetR_20250524_172556.pcapng,443,443,TLSv1.2,2.54,2.112,638.06,54002.07,84.64,203,13,0.012576,0.175748,0.428688,215,137182,659.75,258.15,37.59279259965616,1
TkNGIE,192.168.146.86,13.89.179.9,2025-05-24 17:26:24,Other ,Python Requests 2.31,Success,N/A,N/A,N/A,N/A,N/A,0,2025-05-24 17:25:05,N/A,captures/TkNGIE_20250524_172616.pcapng,443,443,TLSv1.2,2.255,1.181,183.84,2038.5,11.09,15,11,0.05544,0.225484,1.073387,25,4596,94.27,301.09,22.065902717413806,1
user134,192.168.146.86,192.168.146.86,2025-05-24 17:26:43,Other ,Python Requests 2.31,Failure,N/A,N/A,N/A,N/A,N/A,2,First Login,N/A,captures/user134_20250524_172636.pcapng,443,443,TLSv1.2,1.552,1.111,170.07,3069.27,18.05,14,15,0.056353,0.110829,0.440152,28,4762,97.57,233.33,2.7379016758068246,2
user482,192.168.146.86,13.89.179.9,2025-05-24 17:27:01,Other ,Python Requests 2.31,Failure,N/A,N/A,N/A,N/A,N/A,1,First Login,N/A,captures/user482_20250524_172654.pcapng,55198,443,TLSv1.2,1.925,1.385,241.6,1883.04,7.79,11,5,0.192455,0.435231,0.539426,15,3624,93.55,536.2,18.57866201075337,1
XWs8n,192.168.146.86,13.89.179.9,2025-05-24 17:27:20,Other ,Python Requests 2.31,Success,N/A,N/A,N/A,N/A,N/A,0,2025-05-24 16:53:03,N/A,captures/XWs8n_20250524_172713.pcapng,56132,443,TLSv1.2,1.508,0.53,292.57,2716.52,9.28,5,10,0.01901,0.167574,0.977989,14,4096,203.8,318.9,9.804230834112275,1
XWs8n,192.168.146.86,13.89.179.9,2025-05-24 17:27:39,Other ,Python Requests 2.31,Failure,N/A,N/A,N/A,N/A,N/A,1,2025-05-24 17:27:20,N/A,captures/XWs8n_20250524_172732.pcapng,56132,443,TLSv1.2,1.245,0.735,289.64,2558.58,8.83,6,5,0.147041,0.230381,0.510018,11,3186,462.83,81.8,16.60327319810272,1
p4h2O6qPTt,192.168.146.86,13.89.179.9,2025-05-24 17:27:59,Other ,Python Requests 2.31,Failure,N/A,N/A,N/A,N/A,N/A,1,2025-05-24 17:24:45,N/A,captures/p4h2O6qPTt_20250524_172751.pcapng,443,443,TLSv1.2,1.64,1.331,203.37,2355.78,11.58,7,13,0.156805,0.193474,0.309153,19,3864,408.57,82.92,10.619760066211278,2
user274,192.168.146.86,192.168.146.86,2025-05-24 17:28:18,Other ,Python Requests 2.31,Failure,N/A,N/A,N/A,N/A,N/A,1,First Login,N/A,captures/user274_20250524_172811.pcapng,443,443,TLSv1.2,2.457,1.09,309.7,1260.44,4.07,1,9,0,0.217683,1.367319,10,3097,54.0,338.11,24.81073805701179,1
user482,192.168.146.86,13.89.179.9,2025-05-24 17:28:37,Other ,Python Requests 2.31,Failure,N/A,N/A,N/A,N/A,N/A,2,First Login,N/A,captures/user482_20250524_172830.pcapng,56132,443,TLSv1.2,2.238,1.226,443.9,1983.79,4.47,1,10,0,0.292278,1.011718,10,4439,74.0,444.0,29.347198675114917,1
XKHfVu,192.168.146.86,13.89.179.9,2025-05-24 17:28:56,Other ,Python Requests 2.31,Failure,N/A,N/A,N/A,N/A,N/A,1,2025-05-24 16:57:32,N/A,captures/XKHfVu_20250524_172849.pcapng,56132,443,TLSv1.2,1.837,1.067,246.0,1741.34,7.08,8,5,0.15236,0.256032,0.769995,13,3198,356.25,69.6,19.52604771384857,2
user134,192.168.146.86,13.89.179.9,2025-05-24 17:29:14,Other ,Python Requests 2.31,Failure,N/A,N/A,N/A,N/A,N/A,3,First Login,N/A,captures/user134_20250524_172907.pcapng,443,443,TLSv1.2,1.945,1.441,427.57,6155.26,14.4,1,28,0,0.102423,0.504077,28,11972,179.0,423.82,6.458467805466533,2
B1Ehs6eez,192.168.146.86,13.89.179.9,2025-05-24 17:29:34,Other ,Python Requests 2.31,Success,N/A,N/A,N/A,N/A,N/A,0,2025-05-24 16:35:48,N/A,captures/B1Ehs6eez_20250524_172927.pcapng,443,443,TLSv1.2,2.929,2.356,274.12,7206.81,26.29,67,11,0.044375,0.251037,0.572375,77,21107,268.28,293.0,25.703796024806557,1
ZTWKWQQj,192.168.146.86,13.89.179.9,2025-05-24 17:29:54,Other ,Python Requests 2.31,Failure,N/A,N/A,N/A,N/A,N/A,1,2025-05-24 16:38:26,N/A,captures/ZTWKWQQj_20250524_172946.pcapng,443,443,TLSv1.2,1.922,1.388,166.0,2590.45,15.61,18,13,0.067763,0.16599,0.534438,30,4980,95.33,256.85,6.012740555569245,2
B1Ehs6eez,192.168.146.86,192.168.146.86,2025-05-24 17:30:14,Other ,Python Requests 2.31,Failure,N/A,N/A,N/A,N/A,N/A,1,2025-05-24 17:29:34,N/A,captures/B1Ehs6eez_20250524_173006.pcapng,443,443,TLSv1.2,3.068,2.399,533.13,27280.33,51.17,12,145,0.123127,0.021306,0.669284,157,83702,488.17,536.86,26.087290452834303,2
piYR4PTiYo,192.168.146.86,13.89.179.9,2025-05-24 17:30:35,Other ,Python Requests 2.31,Success,N/A,N/A,N/A,N/A,N/A,0,First Login,N/A,captures/piYR4PTiYo_20250524_173027.pcapng,443,443,TLSv1.2,2.865,2.304,185.35,1487.85,8.03,13,11,0.238767,0.248138,0.561318,23,4263,87.23,291.18,23.08620891499612,2
user540,192.168.146.86,13.89.179.9,2025-05-24 17:30:53,Other ,Python Requests 2.31,Failure,N/A,N/A,N/A,N/A,N/A,1,First Login,N/A,captures/user540_20250524_173047.pcapng,443,443,TLSv1.2,2.314,1.752,183.86,2224.8,12.1,18,11,0.051803,0.2314,0.561697,28,5148,93.0,325.27,17.193910011310834,2
XKHfVu,192.168.146.86,192.168.146.86,2025-05-24 17:31:13,Other ,Python Requests 2.31,Failure,N/A,N/A,N/A,N/A,N/A,2,2025-05-24 16:57:32,N/A,captures/XKHfVu_20250524_173106.pcapng,443,443,TLSv1.2,2.048,1.358,641.2,41650.55,64.96,1,132,0,0.010366,0.689508,133,85280,54.0,645.65,28.42345900951876,1
user210,192.168.146.86,13.89.179.9,2025-05-24 17:31:32,Other ,Python Requests 2.31,Failure,N/A,N/A,N/A,N/A,N/A,3,First Login,N/A,captures/user210_20250524_173125.pcapng,443,443,TLSv1.2,2.84,2.259,271.33,4967.23,18.31,40,13,0.059702,0.236701,0.58168,52,14109,270.8,257.77,20.888731546624484,1
p4h2O6qPTt,192.168.146.86,192.168.146.86,2025-05-24 17:31:52,Other ,Python Requests 2.31,Failure,N/A,N/A,N/A,N/A,N/A,2,2025-05-24 17:24:45,N/A,captures/p4h2O6qPTt_20250524_173144.pcapng,443,443,TLSv1.2,2.561,1.947,280.11,3937.62,14.06,3,33,1.075999,0.060834,0.614241,36,10084,66.0,299.58,30.66087790944725,1
B1Ehs6eez,192.168.146.86,13.89.179.9,2025-05-24 17:32:13,Other ,Python Requests 2.31,Failure,N/A,N/A,N/A,N/A,N/A,2,2025-05-24 17:29:34,N/A,captures/B1Ehs6eez_20250524_173205.pcapng,443,443,TLSv1.2,2.251,1.544,184.21,2291.32,12.44,3,25,1.023902,0.064329,0.707198,28,5158,217.0,180.28,30.19625662927747,2
user540,192.168.146.86,192.168.146.86,2025-05-24 17:32:33,Other ,Python Requests 2.31,Failure,N/A,N/A,N/A,N/A,N/A,2,First Login,N/A,captures/user540_20250524_173225.pcapng,443,443,TLSv1.2,2.97,2.589,413.97,17424.28,42.09,23,103,0.106883,0.029116,0.380285,125,51746,121.48,476.21,20.503151171087275,1
user296,192.168.146.86,13.89.179.9,2025-05-24 17:32:54,Other ,Python Requests 2.31,Failure,N/A,N/A,N/A,N/A,N/A,1,First Login,N/A,captures/user296_20250524_173245.pcapng,443,443,TLSv1.2,2.038,1.575,182.26,2414.82,13.25,5,22,0.112993,0.07802,0.462385,27,4921,537.6,101.5,7.550461793164999,2
user210,192.168.146.86,13.89.179.9,2025-05-24 17:33:15,Other ,Python Requests 2.31,Failure,N/A,N/A,N/A,N/A,N/A,4,First Login,N/A,captures/user210_20250524_173306.pcapng,443,443,TLSv1.2,1.776,1.264,177.92,2604.6,14.64,15,12,0.060757,0.161483,0.512295,26,4626,96.0,274.17,4.300374373692236,2
9Q1fg,192.168.146.86,192.168.146.86,2025-05-24 17:33:35,Other ,Python Requests 2.31,Failure,N/A,N/A,N/A,N/A,N/A,1,2025-05-24 16:29:00,N/A,captures/9Q1fg_20250524_173327.pcapng,443,443,TLSv1.2,1.257,0.904,197.0,2977.62,15.11,8,12,0.106535,0.167671,0.353517,19,3743,360.62,77.67,9.936170420510749,2
B1Ehs6eez,192.168.146.86,13.89.179.9,2025-05-24 17:33:58,Other ,Python Requests 2.31,Failure,N/A,N/A,N/A,N/A,N/A,3,2025-05-24 17:29:34,N/A,captures/B1Ehs6eez_20250524_173348.pcapng,443,443,TLSv1.2,2.449,2.082,170.38,2713.57,15.93,28,12,0.090697,0.206263,0.366411,39,6645,123.54,271.67,13.931526979717859,1
lBFTmUiqWj,192.168.146.86,192.168.146.86,2025-05-24 17:34:18,Other ,Python Requests 2.31,Failure,N/A,N/A,N/A,N/A,N/A,2,First Login,N/A,captures/lBFTmUiqWj_20250524_173410.pcapng,443,443,TLSv1.2,2.841,2.309,259.91,5031.37,19.36,42,14,0.069297,0.203252,0.532323,55,14295,261.38,243.43,17.329246954337407,1
k7CuaX,192.168.146.86,13.89.179.9,2025-05-24 17:34:40,Other ,Python Requests 2.31,Success,N/A,N/A,N/A,N/A,N/A,0,2025-05-24 16:40:25,N/A,captures/k7CuaX_20250524_173430.pcapng,443,443,TLSv1.2,1.596,1.025,271.16,4248.31,15.67,7,18,0.180982,0.060246,0.571137,25,6779,406.14,218.67,4.2716816736718926,2
UalRGf3zE,192.168.146.86,192.168.146.86,2025-05-24 17:35:00,Other ,Python Requests 2.31,Failure,N/A,N/A,N/A,N/A,N/A,1,First Login,N/A,captures/UalRGf3zE_20250524_173452.pcapng,443,443,TLSv1.2,2.817,2.492,159.28,2431.31,15.26,28,16,0.104333,0.169243,0.325161,43,6849,121.11,227.5,16.921521307889392,2
AgDD7,192.168.146.86,13.89.179.9,2025-05-24 17:35:20,Other ,Python Requests 2.31,Success,N/A,N/A,N/A,N/A,N/A,0,2025-05-24 16:43:40,N/A,captures/AgDD7_20250524_173512.pcapng,443,443,TLSv1.2,2.796,2.439,177.43,2347.86,13.23,26,12,0.111846,0.228181,0.357593,37,6565,129.96,271.67,19.79903333508784,2
user274,192.168.146.86,192.168.146.86,2025-05-24 17:35:39,Other ,Python Requests 2.31,Failure,N/A,N/A,N/A,N/A,N/A,2,First Login,N/A,captures/user274_20250524_173532.pcapng,443,443,TLSv1.2,2.625,2.112,351.69,8307.94,23.62,18,44,0.110013,0.060931,0.512387,62,21805,445.5,313.32,8.66892984017462,1
s4d4VGetR,192.168.146.86,192.168.146.86,2025-05-24 17:36:00,Other ,Python Requests 2.31,Success,N/A,N/A,N/A,N/A,N/A,0,2025-05-24 16:46:04,N/A,captures/s4d4VGetR_20250524_173552.pcapng,443,443,TLSv1.2,2.867,2.393,395.0,6474.46,16.39,3,44,0.205039,0.06668,0.474005,47,18565,256.67,404.43,10.539101758066387,1
s4d4VGetR,192.168.146.86,13.89.179.9,2025-05-24 17:36:21,Other ,Python Requests 2.31,Failure,N/A,N/A,N/A,N/A,N/A,1,2025-05-24 17:36:00,N/A,captures/s4d4VGetR_20250524_173613.pcapng,56132,443,TLSv1.2,1.149,0.741,289.64,2772.8,9.57,6,5,0.148227,0.204814,0.407888,11,3186,462.83,81.8,13.401955627722991,1
user466,192.168.146.86,192.168.146.86,2025-05-24 17:36:41,Other ,Python Requests 2.31,Failure,N/A,N/A,N/A,N/A,N/A,1,First Login,N/A,captures/user466_20250524_173633.pcapng,443,443,TLSv1.2,2.763,2.069,414.33,3149.2,7.6,1,20,0,0.145417,0.693875,21,8701,82.0,430.95,15.895846890824785,1
s4d4VGetR,192.168.146.86,192.168.146.86,2025-05-24 17:37:01,Other ,Python Requests 2.31,Failure,N/A,N/A,N/A,N/A,N/A,2,2025-05-24 17:36:00,N/A,captures/s4d4VGetR_20250524_173653.pcapng,443,443,TLSv1.2,2.15,1.737,219.25,1631.59,7.44,1,15,0,0.124062,0.413176,16,3508,54.0,230.27,8.517650342100438,2
s4d4VGetR,192.168.146.86,192.168.146.86,2025-05-24 17:37:22,Other ,Python Requests 2.31,Failure,N/A,N/A,N/A,N/A,N/A,3,2025-05-24 17:36:00,N/A,captures/s4d4VGetR_20250524_173714.pcapng,443,443,TLSv1.2,2.496,1.878,136.87,2138.57,15.62,12,28,0.226915,0.07368,0.617758,39,5338,86.5,156.25,12.959982903540052,2
YYlr2il,192.168.146.86,13.89.179.9,2025-05-24 17:37:43,Other ,Python Requests 2.31,Failure,N/A,N/A,N/A,N/A,N/A,1,2025-05-24 17:23:29,N/A,captures/YYlr2il_20250524_173735.pcapng,443,443,TLSv1.2,2.023,1.595,169.11,2257.06,13.35,4,24,0.674329,0.08673,0.427721,27,4566,649.0,85.21,29.86065386981091,2
user296,192.168.146.86,192.168.146.86,2025-05-24 17:38:03,Other ,Python Requests 2.31,Failure,N/A,N/A,N/A,N/A,N/A,2,First Login,N/A,captures/user296_20250524_173755.pcapng,443,443,TLSv1.2,2.867,2.263,349.04,9738.77,27.9,9,71,0.3584,0.036203,0.604306,80,27923,143.0,375.15,20.810863806753517,1
Cinder,192.168.146.86,192.168.146.86,2025-05-24 18:05:59,Windows 10,Chrome 136.0.0,Success,Bengaluru,Karnataka,India,12.9531904,77.6077312,0,2025-05-24 16:21:37,N/A,captures/Cinder_20250524_180551.pcapng,56737,443,TLSv1.2,1.491,0.878,246.53,2810.79,11.4,9,8,0.10977,0.201753,0.612878,17,4191,339.78,141.62,9.032641803120235,2
Cinder,192.168.146.86,192.168.146.86,2025-05-24 18:08:37,Windows 10,Chrome 136.0.0,Success,Mailasandra,Karnataka,India,12.9240975,77.5022292,0,2025-05-24 18:05:59,N/A,captures/Cinder_20250524_180829.pcapng,56737,443,TLSv1.2,1.626,1.007,249.88,2612.89,10.46,9,8,0.12584,0.222773,0.619069,17,4248,339.22,149.38,13.615613836941115,1
Cinder,192.168.146.86,52.168.117.169,2025-05-24 18:24:38,Windows 10,Chrome 136.0.0,Success,Bengaluru,Karnataka,India,12.9531904,77.6077312,0,2025-05-24 18:08:37,N/A,captures/Cinder_20250524_182429.pcapng,56939,443,TLSv1.2,1.782,1.17,231.53,1948.5,8.42,7,8,0.195019,0.203211,0.612281,15,3473,405.29,79.5,14.581808643892643,2
Cinder,192.168.146.86,192.168.146.86,2025-05-24 18:26:15,Windows 10,Chrome 136.0.0,Success,Mailasandra,Karnataka,India,12.9241336,77.5022322,0,2025-05-24 18:24:38,N/A,captures/Cinder_20250524_182605.pcapng,443,443,TLSv1.2,1.458,1.079,149.6,3592.03,24.01,9,26,0.118719,0.056179,0.378999,35,5236,329.78,87.23,6.1492202616832685,2
Cinder,192.168.146.86,192.168.146.86,2025-05-24 18:39:00,Windows 10,Chrome 136.0.0,Success,Bengaluru,Karnataka,India,12.9531904,77.6077312,0,2025-05-24 18:26:15,N/A,captures/Cinder_20250524_183852.pcapng,443,443,TLSv1.2,2.133,1.71,211.19,2079.34,9.85,11,10,0.207986,0.198524,0.423045,21,4435,288.0,126.7,10.39519637680629,2
Cinder,192.168.146.86,13.69.239.78,2025-05-24 18:44:49,Windows 10,Chrome 136.0.0,Success,Bengaluru,Karnataka,India,12.9531904,77.6077312,0,2025-05-24 18:39:00,N/A,captures/Cinder_20250524_184440.pcapng,57181,443,TLSv1.2,1.946,1.387,245.14,1763.93,7.2,2,13,0.043411,0.185792,0.558391,14,3432,94.0,259.15,8.459648638822188,1
Cinder,192.168.146.86,13.69.239.78,2025-05-24 18:46:58,Windows 10,Chrome 136.0.0,Success,Bengaluru,Karnataka,India,12.9531904,77.6077312,0,2025-05-24 18:44:49,N/A,captures/Cinder_20250524_184649.pcapng,57181,443,TLSv1.2,0.961,0.616,269.92,3370.03,12.49,6,6,0.132615,0.122969,0.345271,12,3239,462.67,77.17,9.44332725425182,2
Cinder,192.168.146.86,192.168.146.86,2025-05-24 18:48:07,Windows 10,Chrome 136.0.0,Success,Bengaluru,Karnataka,India,12.9531904,77.6077312,0,2025-05-24 18:46:58,N/A,captures/Cinder_20250524_184758.pcapng,443,443,TLSv1.2,1.73,1.323,1410.1,17116.88,12.14,2,19,0.407322,0.096099,0.407117,21,29612,12927.0,197.79,48.282250022631615,1
Cinder,192.168.146.86,192.168.146.86,2025-05-24 18:49:58,Windows 10,Chrome 136.0.0,Failure,Mailasandra,Karnataka,India,12.924125,77.5021865,1,2025-05-24 18:48:07,N/A,captures/Cinder_20250524_184950.pcapng,57181,443,TLSv1.2,1.542,0.996,236.72,2764.08,11.68,10,8,0.171284,0.13498,0.546017,18,4261,310.7,144.25,6.007528015645711,2
Cinder,192.168.146.86,192.168.146.86,2025-05-24 18:50:20,Windows 10,Chrome 136.0.0,Success,Mailasandra,Karnataka,India,12.924125,77.5021865,0,2025-05-24 18:48:07,N/A,captures/Cinder_20250524_185013.pcapng,443,443,TLSv1.2,2.151,1.515,196.58,1736.2,8.83,3,16,0.204691,0.143399,0.636304,19,3735,75.0,219.38,10.714392622909983,2
Ugra,192.168.146.86,20.189.173.9,2025-05-24 18:53:50,Windows 10,Chrome 136.0.0,Success,Bengaluru,Karnataka,India,12.9531904,77.6077312,0,First Login,N/A,captures/Ugra_20250524_185342.pcapng,443,443,TLSv1.2,1.274,0.715,497.93,16019.28,32.17,6,35,0.182797,0.021028,0.559206,41,20415,463.67,503.8,14.3795209154434,2
Ugra,192.168.146.86,20.189.173.9,2025-05-24 18:57:15,Windows 10,Chrome 136.0.0,Success,Mailasandra,Karnataka,India,12.9241305,77.5022223,0,2025-05-24 18:53:50,N/A,captures/Ugra_20250524_185707.pcapng,443,443,TLSv1.2,2.404,1.704,221.53,1566.57,7.07,6,12,0.066564,0.218544,0.700374,17,3766,96.67,271.67,13.728770483736334,1
Ugra,192.168.146.86,192.168.146.86,2025-05-24 18:58:31,Windows 10,Chrome 136.0.0,Success,Bengaluru,Karnataka,India,12.9531904,77.6077312,0,2025-05-24 18:57:15,N/A,captures/Ugra_20250524_185824.pcapng,N/A,N/A,N/A,N/A,N/A,N/A,N/A,N/A,N/A,N/A,N/A,N/A,N/A,N/A,N/A,N/A,N/A,16.70520780299622,2
Ugra,192.168.146.86,192.168.146.86,2025-05-24 19:00:44,Windows 10,Chrome 136.0.0,Success,Mailasandra,Karnataka,India,12.9241338,77.5021519,0,2025-05-24 18:58:31,N/A,captures/Ugra_20250524_190037.pcapng,443,443,TLSv1.2,2.565,2.096,380.14,8299.56,21.83,39,18,0.067499,0.138445,0.46921,56,21288,447.74,216.67,12.999096397833704,1
Ugra,192.168.146.86,192.168.146.86,2025-05-24 19:02:21,Windows 10,Chrome 136.0.0,Success,Bengaluru,Karnataka,India,12.9531904,77.6077312,0,2025-05-24 19:00:44,N/A,captures/Ugra_20250524_190213.pcapng,443,443,TLSv1.2,2.074,1.591,215.73,2704.81,12.54,3,23,0.23496,0.094253,0.482745,26,5609,256.67,210.39,6.703466112481763,2
Ugra,10.108.206.110,10.108.206.110,2025-05-24 19:15:30,Windows 10,Chrome 136.0.0,Success,Mailasandra,Karnataka,India,12.9241028,77.5022057,0,First Login,N/A,captures/Ugra_20250524_191523.pcapng,443,443,TLSv1.2,2.719,2.506,298.44,19535.92,65.46,3,175,1.004702,0.015456,0.213501,178,53123,210.0,299.96,38.953650977678464,1
Ugra,10.108.206.110,224.0.0.251,2025-05-24 19:16:08,Windows 10,Chrome 136.0.0,Success,Mailasandra,Karnataka,India,12.9241028,77.5022057,0,2025-05-24 19:15:30,N/A,captures/Ugra_20250524_191601.pcapng,5353,5353,TLSv1.2,2.86,2.254,166.35,2500.81,15.03,4,39,0.912097,0.07527,0.605979,43,7153,127.0,170.38,32.86446778996567,2
Ugra,10.108.206.110,224.0.0.251,2025-05-24 19:22:31,Windows 10,Chrome 136.0.0,Success,Mailasandra,Karnataka,India,12.9284982,77.5053158,0,2025-05-24 19:16:08,N/A,captures/Ugra_20250524_192225.pcapng,5353,5353,TLSv1.2,2.888,2.631,216.16,6585.55,30.47,2,86,0.998426,0.033982,0.257712,88,19022,184.0,216.91,38.01430271819814,1
Ugra,10.108.206.110,20.60.241.107,2025-05-24 19:23:17,Windows 10,Chrome 136.0.0,Success,Mailasandra,Karnataka,India,12.9284982,77.5053158,0,2025-05-24 19:22:31,N/A,captures/Ugra_20250524_192311.pcapng,57804,443,TLSv1.2,2.841,2.502,958.22,500466.5,522.29,495,989,0.002597,0.002876,0.338967,1484,1421999,56.84,1409.36,84.49706227880381,2
Cinder,10.108.206.110,10.108.206.110,2025-05-24 19:32:41,Windows 10,Chrome 136.0.0,Success,Mailasandra,Karnataka,India,12.9284982,77.5053158,0,First Login,N/A,captures/Cinder_20250524_193234.pcapng,443,443,TLSv1.2,1.634,1.36,163.79,4210.31,25.71,1,41,0,0.039313,0.273714,42,6879,174.0,163.54,6.87401431578278,2
