Username,IP Address,Last Successful Login
Abhi,192.168.225.86,2025-04-28 15:14:28
Abhi,23.11.215.217,2025-04-27 00:55:09
Abhi,N/A,2025-04-27 02:19:35
Abhi,157.240.192.55,2025-04-27 01:44:51
Cinder,10.108.205.240,2025-05-17 09:37:46
Cinder,10.108.206.62,2025-05-17 09:39:46
Cinder,127.0.0.1,2025-05-17 11:32:53
Cinder,192.168.146.86,2025-05-24 18:50:20
Vinayaka,192.168.146.86,2025-05-17 12:16:14
W99ZMMaAcZ,192.168.146.86,2025-05-17 13:10:33
Y9N98,192.168.146.86,2025-05-17 13:23:04
JogFouI,192.168.146.86,2025-05-17 13:20:45
F7a9dEWVU,192.168.146.86,2025-05-17 13:22:23
7aX8nZ,192.168.146.86,2025-05-17 13:23:16
72Qe0y,192.168.146.86,2025-05-17 13:24:46
kPBQdW,192.168.146.86,2025-05-17 13:26:30
paYQMLnLAm,192.168.146.86,2025-05-17 13:26:51
J9WSmp,192.168.146.86,2025-05-17 13:29:17
UFLz6T,192.168.146.86,2025-05-17 13:30:24
e9UrZTe,192.168.146.86,2025-05-17 13:31:45
NATjzdjt,192.168.146.86,2025-05-17 13:32:03
jbd6gRf,192.168.146.86,2025-05-17 13:32:45
Cinder,N/A,2025-05-24 13:09:17
Cinder,20.189.173.6,2025-05-24 11:44:48
CZEmNne9EZ,192.168.146.86,2025-05-24 14:56:13
B1Ehs6eez,192.168.146.86,2025-05-24 17:29:34
VcTlymNfvh,192.168.146.86,2025-05-24 16:33:31
it369zpxK,192.168.146.86,2025-05-24 16:54:28
9Q1fg,192.168.146.86,2025-05-24 16:29:00
c56NO,192.168.146.86,2025-05-24 16:29:39
15NsNSD3,192.168.146.86,2025-05-24 16:34:50
E7wih65D,192.168.146.86,2025-05-24 16:33:11
TkNGIE,192.168.146.86,2025-05-24 17:26:24
ZTWKWQQj,192.168.146.86,2025-05-24 16:38:26
k7CuaX,192.168.146.86,2025-05-24 17:34:40
FBA0N9sj,192.168.146.86,2025-05-24 16:41:46
AgDD7,192.168.146.86,2025-05-24 17:35:20
s4d4VGetR,192.168.146.86,2025-05-24 17:36:00
XKHfVu,192.168.146.86,2025-05-24 16:57:32
XWs8n,192.168.146.86,2025-05-24 17:27:20
RV2SzU7AQ,192.168.146.86,2025-05-24 17:22:52
YYlr2il,192.168.146.86,2025-05-24 17:23:29
p4h2O6qPTt,192.168.146.86,2025-05-24 17:24:45
piYR4PTiYo,192.168.146.86,2025-05-24 17:30:35
Ugra,192.168.146.86,2025-05-24 19:02:21
Ugra,10.108.206.110,2025-05-24 19:23:17
Cinder,10.108.206.110,2025-05-24 19:32:41
